Refdatum,Bundesland,AnzahlFall,AnzahlTodesfall,AnzahlGenesen
1580688000000,Baden-Württemberg,1,1,0
1581552000000,Baden-Württemberg,2,1,1
1581638400000,Baden-Württemberg,3,2,1
1581724800000,Baden-Württemberg,4,2,2
1581897600000,Baden-Württemberg,5,2,3
1581984000000,Baden-Württemberg,7,2,5
1582070400000,Baden-Württemberg,10,3,7
1582156800000,Baden-Württemberg,11,3,8
1582243200000,Baden-Württemberg,14,3,11
1582329600000,Baden-Württemberg,16,3,13
1582416000000,Baden-Württemberg,23,3,20
1582502400000,Baden-Württemberg,29,3,26
1582588800000,Baden-Württemberg,46,5,41
1582675200000,Baden-Württemberg,63,6,57
1582761600000,Baden-Württemberg,75,6,69
1582848000000,Baden-Württemberg,109,6,103
1582934400000,Baden-Württemberg,145,7,138
1583020800000,Baden-Württemberg,175,7,168
1583107200000,Baden-Württemberg,230,9,221
1583193600000,Baden-Württemberg,298,10,288
1583280000000,Baden-Württemberg,390,15,375
1583366400000,Baden-Württemberg,490,19,471
1583452800000,Baden-Württemberg,637,26,611
1583539200000,Baden-Württemberg,765,28,737
1583625600000,Baden-Württemberg,976,34,942
1583712000000,Baden-Württemberg,1355,37,1318
1583798400000,Baden-Württemberg,1824,41,1783
1583884800000,Baden-Württemberg,2431,51,2380
1583971200000,Baden-Württemberg,3024,69,2955
1584057600000,Baden-Württemberg,3631,92,3539
1584144000000,Baden-Württemberg,4166,100,4066
1584230400000,Baden-Württemberg,4682,119,4563
1584316800000,Baden-Württemberg,5230,137,5093
1584403200000,Baden-Württemberg,5672,149,5523
1584489600000,Baden-Württemberg,6104,163,5941
1584576000000,Baden-Württemberg,6436,175,6261
1584662400000,Baden-Württemberg,6667,179,6488
1584748800000,Baden-Württemberg,6862,186,6676
1584835200000,Baden-Württemberg,6977,188,6789
1584921600000,Baden-Württemberg,7064,199,6865
1585008000000,Baden-Württemberg,7131,203,6928
1585094400000,Baden-Württemberg,7212,204,7008
1585180800000,Baden-Württemberg,7270,204,7066
1585267200000,Baden-Württemberg,7325,205,7120
1585353600000,Baden-Württemberg,7367,207,7160
1585440000000,Baden-Württemberg,7419,209,7210
1585526400000,Baden-Württemberg,7489,209,7280
1585612800000,Baden-Württemberg,7558,213,7345
1585699200000,Baden-Württemberg,7653,219,7434
1585785600000,Baden-Württemberg,7721,221,7500
1585872000000,Baden-Württemberg,7788,223,7565
1585958400000,Baden-Württemberg,7851,225,7626
1586044800000,Baden-Württemberg,7920,228,7692
1586131200000,Baden-Württemberg,7954,232,7722
1586217600000,Baden-Württemberg,7992,232,7760
1586304000000,Baden-Württemberg,8028,236,7792
1586390400000,Baden-Württemberg,8096,238,7858
1586476800000,Baden-Württemberg,8134,239,7895
1586563200000,Baden-Württemberg,8172,239,7933
1586649600000,Baden-Württemberg,8185,240,7945
1586736000000,Baden-Württemberg,8210,241,7969
1586822400000,Baden-Württemberg,8227,242,7985
1586908800000,Baden-Württemberg,8249,243,8006
1586995200000,Baden-Württemberg,8266,243,8023
1587081600000,Baden-Württemberg,8282,243,8039
1587168000000,Baden-Württemberg,8304,244,8060
1587254400000,Baden-Württemberg,8319,244,8075
1587340800000,Baden-Württemberg,8330,244,8086
1587427200000,Baden-Württemberg,8361,244,8117
1587513600000,Baden-Württemberg,8374,244,8130
1587600000000,Baden-Württemberg,8385,244,8141
1587686400000,Baden-Württemberg,8396,244,8152
1587772800000,Baden-Württemberg,8405,244,8161
1587859200000,Baden-Württemberg,8408,244,8164
1587945600000,Baden-Württemberg,8414,244,8170
1588032000000,Baden-Württemberg,8417,244,8173
1588118400000,Baden-Württemberg,8422,244,8178
1588204800000,Baden-Württemberg,8431,245,8186
1588377600000,Baden-Württemberg,8434,246,8188
1588464000000,Baden-Württemberg,8439,246,8193
1588550400000,Baden-Württemberg,8442,246,8196
1588636800000,Baden-Württemberg,8446,246,8200
1588723200000,Baden-Württemberg,8452,246,8206
1588809600000,Baden-Württemberg,8453,246,8207
1588896000000,Baden-Württemberg,8457,246,8211
1588982400000,Baden-Württemberg,8466,246,8220
1589068800000,Baden-Württemberg,8472,246,8226
1589155200000,Baden-Württemberg,8478,246,8232
1589241600000,Baden-Württemberg,8482,246,8236
1589328000000,Baden-Württemberg,8485,246,8239
1589414400000,Baden-Württemberg,8491,246,8245
1589500800000,Baden-Württemberg,8494,246,8248
1589587200000,Baden-Württemberg,8497,246,8251
1589673600000,Baden-Württemberg,8499,246,8253
1589760000000,Baden-Württemberg,8502,246,8256
1589846400000,Baden-Württemberg,8503,246,8257
1589932800000,Baden-Württemberg,8507,246,8261
1590019200000,Baden-Württemberg,8510,246,8264
1590105600000,Baden-Württemberg,8512,246,8266
1590278400000,Baden-Württemberg,8514,246,8268
1590364800000,Baden-Württemberg,8515,246,8269
1590451200000,Baden-Württemberg,8521,246,8275
1590537600000,Baden-Württemberg,8526,246,8280
1590624000000,Baden-Württemberg,8528,246,8282
1590710400000,Baden-Württemberg,8529,246,8283
1590796800000,Baden-Württemberg,8531,246,8285
1590883200000,Baden-Württemberg,8532,246,8286
1590969600000,Baden-Württemberg,8534,246,8288
1591056000000,Baden-Württemberg,8537,246,8291
1591142400000,Baden-Württemberg,8539,246,8293
1591228800000,Baden-Württemberg,8543,246,8297
1591315200000,Baden-Württemberg,8547,246,8301
1591401600000,Baden-Württemberg,8551,246,8305
1591488000000,Baden-Württemberg,8553,246,8307
1591660800000,Baden-Württemberg,8557,246,8311
1591833600000,Baden-Württemberg,8559,246,8313
1592006400000,Baden-Württemberg,8560,246,8314
1592092800000,Baden-Württemberg,8562,246,8316
1592179200000,Baden-Württemberg,8564,246,8318
1592438400000,Baden-Württemberg,8567,246,8321
1592524800000,Baden-Württemberg,8568,246,8322
1592611200000,Baden-Württemberg,8570,247,8323
1592697600000,Baden-Württemberg,8571,247,8324
1592784000000,Baden-Württemberg,8576,247,8329
1592870400000,Baden-Württemberg,8580,247,8333
1592956800000,Baden-Württemberg,8582,247,8335
1593043200000,Baden-Württemberg,8584,247,8337
1593129600000,Baden-Württemberg,8589,247,8342
1593216000000,Baden-Württemberg,8592,247,8345
1593388800000,Baden-Württemberg,8593,247,8346
1593475200000,Baden-Württemberg,8596,247,8349
1593561600000,Baden-Württemberg,8599,247,8352
1593648000000,Baden-Württemberg,8602,247,8355
1593734400000,Baden-Württemberg,8604,247,8357
1593820800000,Baden-Württemberg,8605,247,8358
1593993600000,Baden-Württemberg,8608,247,8361
1594080000000,Baden-Württemberg,8611,247,8364
1594166400000,Baden-Württemberg,8614,247,8367
1594252800000,Baden-Württemberg,8618,247,8371
1594339200000,Baden-Württemberg,8622,247,8375
1594512000000,Baden-Württemberg,8625,247,8378
1594598400000,Baden-Württemberg,8632,247,8385
1594684800000,Baden-Württemberg,8638,247,8391
1594771200000,Baden-Württemberg,8645,247,8398
1594857600000,Baden-Württemberg,8649,247,8402
1594944000000,Baden-Württemberg,8655,247,8408
1595030400000,Baden-Württemberg,8656,247,8409
1595116800000,Baden-Württemberg,8658,247,8411
1595203200000,Baden-Württemberg,8664,247,8417
1595289600000,Baden-Württemberg,8669,247,8422
1595376000000,Baden-Württemberg,8675,247,8428
1595462400000,Baden-Württemberg,8677,247,8430
1595548800000,Baden-Württemberg,8685,247,8438
1595635200000,Baden-Württemberg,8686,247,8439
1595721600000,Baden-Württemberg,8687,247,8440
1595808000000,Baden-Württemberg,8690,247,8443
1595894400000,Baden-Württemberg,8694,247,8447
1595980800000,Baden-Württemberg,8699,247,8452
1596067200000,Baden-Württemberg,8705,247,8458
1596153600000,Baden-Württemberg,8711,247,8464
1596240000000,Baden-Württemberg,8714,247,8467
1596326400000,Baden-Württemberg,8716,247,8469
1596412800000,Baden-Württemberg,8720,248,8472
1596499200000,Baden-Württemberg,8724,248,8476
1596585600000,Baden-Württemberg,8731,248,8483
1596672000000,Baden-Württemberg,8739,248,8491
1596758400000,Baden-Württemberg,8740,248,8492
1596844800000,Baden-Württemberg,8743,248,8495
1596931200000,Baden-Württemberg,8748,248,8500
1597017600000,Baden-Württemberg,8753,248,8505
1597104000000,Baden-Württemberg,8764,248,8516
1597190400000,Baden-Württemberg,8771,248,8523
1597276800000,Baden-Württemberg,8779,248,8531
1597363200000,Baden-Württemberg,8789,248,8541
1597449600000,Baden-Württemberg,8797,248,8549
1597536000000,Baden-Württemberg,8807,248,8559
1597622400000,Baden-Württemberg,8816,248,8568
1597708800000,Baden-Württemberg,8830,248,8582
1597795200000,Baden-Württemberg,8854,248,8606
1597881600000,Baden-Württemberg,8865,248,8617
1597968000000,Baden-Württemberg,8891,248,8643
1598054400000,Baden-Württemberg,8906,248,8658
1598140800000,Baden-Württemberg,8920,248,8672
1598227200000,Baden-Württemberg,8929,248,8681
1598313600000,Baden-Württemberg,8948,248,8700
1598400000000,Baden-Württemberg,8979,248,8731
1598486400000,Baden-Württemberg,8998,248,8750
1598572800000,Baden-Württemberg,9019,248,8771
1598659200000,Baden-Württemberg,9035,248,8787
1598745600000,Baden-Württemberg,9050,248,8802
1598832000000,Baden-Württemberg,9067,248,8819
1598918400000,Baden-Württemberg,9095,248,8847
1599004800000,Baden-Württemberg,9131,248,8883
1599091200000,Baden-Württemberg,9152,248,8904
1599177600000,Baden-Württemberg,9186,248,8938
1599264000000,Baden-Württemberg,9205,248,8957
1599350400000,Baden-Württemberg,9212,248,8964
1599436800000,Baden-Württemberg,9227,248,8979
1599523200000,Baden-Württemberg,9252,249,9003
1599609600000,Baden-Württemberg,9280,249,9031
1599696000000,Baden-Württemberg,9302,249,9053
1599782400000,Baden-Württemberg,9327,249,9078
1599868800000,Baden-Württemberg,9350,249,9101
1599955200000,Baden-Württemberg,9361,249,9112
1600041600000,Baden-Württemberg,9378,249,9129
1600128000000,Baden-Württemberg,9414,249,9165
1600214400000,Baden-Württemberg,9453,249,9204
1600300800000,Baden-Württemberg,9492,249,9243
1600387200000,Baden-Württemberg,9516,249,9267
1600473600000,Baden-Württemberg,9543,249,9294
1600560000000,Baden-Württemberg,9562,250,9312
1600646400000,Baden-Württemberg,9594,250,9344
1600732800000,Baden-Württemberg,9623,250,9373
1600819200000,Baden-Württemberg,9643,250,9393
1600905600000,Baden-Württemberg,9675,250,9425
1600992000000,Baden-Württemberg,9705,250,9455
1601078400000,Baden-Württemberg,9731,250,9481
1601164800000,Baden-Württemberg,9760,250,9510
1601251200000,Baden-Württemberg,9798,250,9548
1601337600000,Baden-Württemberg,9841,251,9590
1601424000000,Baden-Württemberg,9882,251,9631
1601510400000,Baden-Württemberg,9918,251,9667
1601596800000,Baden-Württemberg,9987,251,9736
1601683200000,Baden-Württemberg,10044,252,9792
1601769600000,Baden-Württemberg,10079,252,9827
1601856000000,Baden-Württemberg,10144,252,9892
1601942400000,Baden-Württemberg,10230,252,9978
1602028800000,Baden-Württemberg,10293,252,10041
1602115200000,Baden-Württemberg,10368,252,10116
1602201600000,Baden-Württemberg,10458,253,10205
1602288000000,Baden-Württemberg,10554,253,10301
1602374400000,Baden-Württemberg,10628,253,10375
1602460800000,Baden-Württemberg,10691,254,10437
1602547200000,Baden-Württemberg,10804,254,10550
1602633600000,Baden-Württemberg,10877,254,10623
1602720000000,Baden-Württemberg,10961,254,10707
1602806400000,Baden-Württemberg,11063,254,10809
1602892800000,Baden-Württemberg,11164,255,10909
1602979200000,Baden-Württemberg,11246,255,10991
1603065600000,Baden-Württemberg,11343,255,11088
1603152000000,Baden-Württemberg,11464,255,11209
1603238400000,Baden-Württemberg,11645,256,11389
1603324800000,Baden-Württemberg,11804,258,11546
1603411200000,Baden-Württemberg,11967,259,11708
1603497600000,Baden-Württemberg,12070,260,11810
1603584000000,Baden-Württemberg,12186,263,11923
1603670400000,Baden-Württemberg,12343,267,12076
1603756800000,Baden-Württemberg,12541,269,12272
1603843200000,Baden-Württemberg,12776,271,12505
1603929600000,Baden-Württemberg,12993,273,12720
1604016000000,Baden-Württemberg,13184,274,12910
1604102400000,Baden-Württemberg,13335,279,13056
1604188800000,Baden-Württemberg,13469,280,13189
1604275200000,Baden-Württemberg,13662,282,13380
1604361600000,Baden-Württemberg,13895,285,13610
1604448000000,Baden-Württemberg,14079,286,13793
1604534400000,Baden-Württemberg,14295,292,14003
1604620800000,Baden-Württemberg,14479,294,14185
1604707200000,Baden-Württemberg,14626,295,14331
1604793600000,Baden-Württemberg,14755,296,14459
1604880000000,Baden-Württemberg,14912,299,14613
1604966400000,Baden-Württemberg,15064,299,14765
1605052800000,Baden-Württemberg,15224,301,14923
1605139200000,Baden-Württemberg,15398,304,15094
1605225600000,Baden-Württemberg,15584,307,15277
1605312000000,Baden-Württemberg,15724,308,15416
1605398400000,Baden-Württemberg,15848,309,15539
1605484800000,Baden-Württemberg,15978,312,15666
1605571200000,Baden-Württemberg,16156,317,15839
1605657600000,Baden-Württemberg,16307,320,15987
1605744000000,Baden-Württemberg,16455,321,16134
1605830400000,Baden-Württemberg,16593,325,16268
1605916800000,Baden-Württemberg,16735,328,16407
1606003200000,Baden-Württemberg,16835,331,16504
1606089600000,Baden-Württemberg,16963,335,16628
1606176000000,Baden-Württemberg,17098,336,16762
1606262400000,Baden-Württemberg,17260,339,16921
1606348800000,Baden-Württemberg,17423,341,17082
1606435200000,Baden-Württemberg,17597,343,17254
1606521600000,Baden-Württemberg,17765,343,17422
1606608000000,Baden-Württemberg,17918,345,17573
1606694400000,Baden-Württemberg,18076,346,17730
1606780800000,Baden-Württemberg,18246,351,17895
1606867200000,Baden-Württemberg,18455,354,18101
1606953600000,Baden-Württemberg,18639,356,18283
1607040000000,Baden-Württemberg,18871,360,18511
1607126400000,Baden-Württemberg,19082,363,18719
1607212800000,Baden-Württemberg,19243,365,18878
1607299200000,Baden-Württemberg,19418,368,19050
1607385600000,Baden-Württemberg,19611,369,19242
1607472000000,Baden-Württemberg,19869,376,19493
1607558400000,Baden-Württemberg,20076,377,19699
1607644800000,Baden-Württemberg,20303,381,19922
1607731200000,Baden-Württemberg,20506,385,20121
1607817600000,Baden-Württemberg,20699,388,20311
1607904000000,Baden-Württemberg,20910,390,20520
1607990400000,Baden-Württemberg,21123,395,20728
1608076800000,Baden-Württemberg,21297,397,20900
1608163200000,Baden-Württemberg,21504,398,21106
1608249600000,Baden-Württemberg,21721,404,21317
1608336000000,Baden-Württemberg,21894,407,21487
1608422400000,Baden-Württemberg,22037,411,21626
1608508800000,Baden-Württemberg,22212,415,21797
1608595200000,Baden-Württemberg,22398,423,21975
1608681600000,Baden-Württemberg,22557,424,22133
1608768000000,Baden-Württemberg,22693,426,22267
1608854400000,Baden-Württemberg,22818,427,22391
1608940800000,Baden-Württemberg,22929,430,22499
1609027200000,Baden-Württemberg,23041,431,22610
1609113600000,Baden-Württemberg,23186,435,22751
1609200000000,Baden-Württemberg,23306,438,22868
1609286400000,Baden-Württemberg,23421,439,22982
1609372800000,Baden-Württemberg,23532,441,23091
1609459200000,Baden-Württemberg,23652,441,23211
1609545600000,Baden-Württemberg,23762,445,23317
1609632000000,Baden-Württemberg,23883,446,23437
1609718400000,Baden-Württemberg,24021,451,23570
1609804800000,Baden-Württemberg,24159,454,23705
1609891200000,Baden-Württemberg,24246,454,23792
1609977600000,Baden-Württemberg,24359,456,23903
1610064000000,Baden-Württemberg,24466,458,24008
1610150400000,Baden-Württemberg,24557,459,24098
1610236800000,Baden-Württemberg,24647,460,24187
1610323200000,Baden-Württemberg,24770,463,24307
1610409600000,Baden-Württemberg,24870,465,24405
1610496000000,Baden-Württemberg,24974,467,24507
1610582400000,Baden-Württemberg,25068,468,24600
1610668800000,Baden-Württemberg,25148,468,24680
1610755200000,Baden-Württemberg,25249,471,24778
1610841600000,Baden-Württemberg,25309,472,24837
1610928000000,Baden-Württemberg,25398,472,24926
1611014400000,Baden-Württemberg,25494,473,25021
1611100800000,Baden-Württemberg,25582,474,25108
1611187200000,Baden-Württemberg,25683,475,25208
1611273600000,Baden-Württemberg,25779,475,25304
1611360000000,Baden-Württemberg,25874,477,25397
1611446400000,Baden-Württemberg,25936,477,25459
1611532800000,Baden-Württemberg,26016,478,25538
1611619200000,Baden-Württemberg,26101,479,25622
1611705600000,Baden-Württemberg,26171,479,25692
1611792000000,Baden-Württemberg,26245,479,25766
1611878400000,Baden-Württemberg,26341,480,25861
1611964800000,Baden-Württemberg,26416,480,25936
1612051200000,Baden-Württemberg,26466,481,25985
1612137600000,Baden-Württemberg,26527,481,26046
1612224000000,Baden-Württemberg,26576,482,26094
1612310400000,Baden-Württemberg,26637,485,26152
1612396800000,Baden-Württemberg,26697,485,26212
1612483200000,Baden-Württemberg,26755,486,26269
1612569600000,Baden-Württemberg,26818,490,26328
1612656000000,Baden-Württemberg,26861,492,26369
1612742400000,Baden-Württemberg,26907,494,26413
1612828800000,Baden-Württemberg,26968,495,26473
1612915200000,Baden-Württemberg,27023,500,26523
1613001600000,Baden-Württemberg,27061,501,26560
1613088000000,Baden-Württemberg,27121,505,26616
1613174400000,Baden-Württemberg,27153,508,26645
1613260800000,Baden-Württemberg,27200,510,26690
1613347200000,Baden-Württemberg,27246,513,26733
1613433600000,Baden-Württemberg,27313,515,26798
1613520000000,Baden-Württemberg,27387,523,26864
1613606400000,Baden-Württemberg,27461,526,26935
1613692800000,Baden-Württemberg,27532,530,27002
1613779200000,Baden-Württemberg,27578,531,27047
1613865600000,Baden-Württemberg,27624,531,27093
1613952000000,Baden-Württemberg,27676,532,27144
1614038400000,Baden-Württemberg,27734,535,27199
1614124800000,Baden-Württemberg,27797,536,27261
1614211200000,Baden-Württemberg,27839,536,27303
1614297600000,Baden-Württemberg,27890,536,27354
1614384000000,Baden-Württemberg,27944,536,27408
1614470400000,Baden-Württemberg,28000,536,27464
1614556800000,Baden-Württemberg,28077,538,27539
1614643200000,Baden-Württemberg,28155,539,27616
1614729600000,Baden-Württemberg,28218,539,27679
1614816000000,Baden-Württemberg,28294,541,27753
1614902400000,Baden-Württemberg,28363,541,27822
1614988800000,Baden-Württemberg,28429,541,27888
1615075200000,Baden-Württemberg,28507,541,27966
1615161600000,Baden-Württemberg,28593,542,28051
1615248000000,Baden-Württemberg,28702,543,28159
1615334400000,Baden-Württemberg,28801,544,28257
1615420800000,Baden-Württemberg,28910,546,28364
1615507200000,Baden-Württemberg,29050,547,28503
1615593600000,Baden-Württemberg,29135,547,28588
1615680000000,Baden-Württemberg,29216,549,28667
1615766400000,Baden-Württemberg,29308,550,28758
1615852800000,Baden-Württemberg,29432,550,28882
1615939200000,Baden-Württemberg,29563,551,29012
1616025600000,Baden-Württemberg,29677,551,29126
1616112000000,Baden-Württemberg,29784,553,29231
1616198400000,Baden-Württemberg,29905,553,29352
1616284800000,Baden-Württemberg,30005,553,29452
1616371200000,Baden-Württemberg,30134,554,29580
1616457600000,Baden-Württemberg,30282,555,29727
1616544000000,Baden-Württemberg,30385,556,29829
1616630400000,Baden-Württemberg,30518,557,29961
1616716800000,Baden-Württemberg,30642,559,30083
1616803200000,Baden-Württemberg,30772,559,30213
1616889600000,Baden-Württemberg,30854,561,30293
1616976000000,Baden-Württemberg,30980,562,30418
1617062400000,Baden-Württemberg,31097,562,30535
1617148800000,Baden-Württemberg,31224,562,30662
1617235200000,Baden-Württemberg,31374,564,30810
1617321600000,Baden-Württemberg,31521,565,30956
1617408000000,Baden-Württemberg,31625,566,31059
1617494400000,Baden-Württemberg,31753,567,31186
1617580800000,Baden-Württemberg,31929,568,31361
1617667200000,Baden-Württemberg,32100,569,31531
1617753600000,Baden-Württemberg,32317,570,31747
1617840000000,Baden-Württemberg,32509,570,31939
1617926400000,Baden-Württemberg,32706,572,32134
1618012800000,Baden-Württemberg,32895,573,32322
1618099200000,Baden-Württemberg,33080,575,32505
1618185600000,Baden-Württemberg,33298,575,32723
1618272000000,Baden-Württemberg,33523,577,32946
1618358400000,Baden-Württemberg,33733,578,33155
1618444800000,Baden-Württemberg,33916,579,33337
1618531200000,Baden-Württemberg,34178,581,33597
1618617600000,Baden-Württemberg,34372,582,33790
1618704000000,Baden-Württemberg,34565,582,33983
1618790400000,Baden-Württemberg,34854,583,34271
1618876800000,Baden-Württemberg,35109,584,34525
1618963200000,Baden-Württemberg,35411,587,34824
1619049600000,Baden-Württemberg,35647,587,35060
1619136000000,Baden-Württemberg,35895,587,35308
1619222400000,Baden-Württemberg,36111,588,35523
1619308800000,Baden-Württemberg,36285,588,35697
1619395200000,Baden-Württemberg,36522,588,35934
1619481600000,Baden-Württemberg,36791,589,36202
1619568000000,Baden-Württemberg,37045,589,36456
1619654400000,Baden-Württemberg,37216,589,36627
1619740800000,Baden-Württemberg,37419,590,36829
1619827200000,Baden-Württemberg,37600,591,37009
1619913600000,Baden-Württemberg,37703,592,37111
1620000000000,Baden-Württemberg,37863,593,37270
1620086400000,Baden-Württemberg,38025,595,37430
1620172800000,Baden-Württemberg,38151,595,37556
1620259200000,Baden-Württemberg,38309,597,37712
1620345600000,Baden-Württemberg,38440,598,37842
1620432000000,Baden-Württemberg,38582,598,37984
1620518400000,Baden-Württemberg,38677,598,38079
1620604800000,Baden-Württemberg,38805,598,38207
1620691200000,Baden-Württemberg,38930,599,38331
1620777600000,Baden-Württemberg,39061,599,38462
1620864000000,Baden-Württemberg,39138,599,38539
1620950400000,Baden-Württemberg,39221,600,38621
1621036800000,Baden-Württemberg,39297,600,38697
1621123200000,Baden-Württemberg,39362,600,38762
1621209600000,Baden-Württemberg,39457,600,38857
1621296000000,Baden-Württemberg,39534,600,38934
1621382400000,Baden-Württemberg,39597,600,38997
1621468800000,Baden-Württemberg,39659,600,39059
1621555200000,Baden-Württemberg,39715,601,39114
1621641600000,Baden-Württemberg,39782,601,39181
1621728000000,Baden-Württemberg,39813,601,39212
1621814400000,Baden-Württemberg,39832,601,39231
1621900800000,Baden-Württemberg,39882,601,39281
1621987200000,Baden-Württemberg,39939,601,39338
1622073600000,Baden-Württemberg,39978,601,39377
1622160000000,Baden-Württemberg,40017,601,39416
1622246400000,Baden-Württemberg,40056,601,39455
1622332800000,Baden-Württemberg,40089,601,39488
1622419200000,Baden-Württemberg,40116,601,39515
1622505600000,Baden-Württemberg,40138,601,39537
1622592000000,Baden-Württemberg,40166,601,39565
1622678400000,Baden-Württemberg,40195,601,39594
1622764800000,Baden-Württemberg,40220,602,39618
1622851200000,Baden-Württemberg,40240,602,39638
1622937600000,Baden-Württemberg,40253,602,39651
1623024000000,Baden-Württemberg,40275,602,39673
1623110400000,Baden-Württemberg,40304,602,39702
1623196800000,Baden-Württemberg,40317,602,39715
1623283200000,Baden-Württemberg,40329,602,39727
1623369600000,Baden-Württemberg,40342,602,39740
1623456000000,Baden-Württemberg,40354,602,39752
1623542400000,Baden-Württemberg,40364,602,39762
1623628800000,Baden-Württemberg,40375,602,39773
1623715200000,Baden-Württemberg,40392,602,39790
1623801600000,Baden-Württemberg,40404,602,39802
1623888000000,Baden-Württemberg,40409,602,39807
1623974400000,Baden-Württemberg,40415,602,39813
1624060800000,Baden-Württemberg,40421,602,39819
1624147200000,Baden-Württemberg,40423,602,39821
1624233600000,Baden-Württemberg,40438,602,39836
1624320000000,Baden-Württemberg,40449,602,39847
1624406400000,Baden-Württemberg,40458,602,39856
1624492800000,Baden-Württemberg,40470,602,39868
1624579200000,Baden-Württemberg,40477,602,39875
1624665600000,Baden-Württemberg,40481,602,39879
1624752000000,Baden-Württemberg,40489,602,39887
1624838400000,Baden-Württemberg,40498,602,39896
1624924800000,Baden-Württemberg,40506,602,39904
1625011200000,Baden-Württemberg,40508,602,39906
1625097600000,Baden-Württemberg,40515,602,39913
1625184000000,Baden-Württemberg,40521,602,39919
1625270400000,Baden-Württemberg,40524,602,39922
1625356800000,Baden-Württemberg,40526,602,39924
1625443200000,Baden-Württemberg,40533,602,39931
1625529600000,Baden-Württemberg,40539,602,39937
1625616000000,Baden-Württemberg,40542,602,39940
1625702400000,Baden-Württemberg,40553,602,39951
1625788800000,Baden-Württemberg,40564,602,39962
1625875200000,Baden-Württemberg,40571,602,39969
1625961600000,Baden-Württemberg,40575,602,39973
1626048000000,Baden-Württemberg,40582,602,39980
1626134400000,Baden-Württemberg,40594,602,39992
1626220800000,Baden-Württemberg,40615,602,40013
1626307200000,Baden-Württemberg,40623,602,40021
1626393600000,Baden-Württemberg,40635,602,40033
1626480000000,Baden-Württemberg,40645,602,40043
1626566400000,Baden-Württemberg,40662,602,40060
1626652800000,Baden-Württemberg,40671,602,40069
1626739200000,Baden-Württemberg,40687,602,40085
1626825600000,Baden-Württemberg,40710,602,40108
1626912000000,Baden-Württemberg,40731,602,40129
1626998400000,Baden-Württemberg,40746,602,40144
1627084800000,Baden-Württemberg,40759,602,40157
1627171200000,Baden-Württemberg,40773,602,40171
1627257600000,Baden-Württemberg,40796,602,40194
1627344000000,Baden-Württemberg,40817,602,40215
1627430400000,Baden-Württemberg,40828,602,40226
1627516800000,Baden-Württemberg,40854,602,40252
1627603200000,Baden-Württemberg,40872,602,40270
1627689600000,Baden-Württemberg,40888,602,40286
1627776000000,Baden-Württemberg,40916,602,40314
1627862400000,Baden-Württemberg,40953,602,40351
1627948800000,Baden-Württemberg,40976,602,40374
1628035200000,Baden-Württemberg,41003,602,40401
1628121600000,Baden-Württemberg,41026,602,40424
1628208000000,Baden-Württemberg,41046,602,40444
1628294400000,Baden-Württemberg,41066,602,40464
1628380800000,Baden-Württemberg,41093,602,40491
1628467200000,Baden-Württemberg,41140,602,40538
1628553600000,Baden-Württemberg,41178,602,40576
1628640000000,Baden-Württemberg,41226,602,40624
1628726400000,Baden-Württemberg,41285,602,40683
1628812800000,Baden-Württemberg,41347,602,40745
1628899200000,Baden-Württemberg,41402,602,40800
1628985600000,Baden-Württemberg,41457,602,40855
1629072000000,Baden-Württemberg,41516,602,40914
1629158400000,Baden-Württemberg,41591,603,40988
1629244800000,Baden-Württemberg,41665,603,41062
1629331200000,Baden-Württemberg,41723,603,41120
1629417600000,Baden-Württemberg,41803,603,41200
1629504000000,Baden-Württemberg,41885,604,41281
1629590400000,Baden-Württemberg,41985,604,41381
1629676800000,Baden-Württemberg,42104,604,41500
1629763200000,Baden-Württemberg,42212,605,41607
1629849600000,Baden-Württemberg,42317,606,41711
1629936000000,Baden-Württemberg,42418,607,41811
1630022400000,Baden-Württemberg,42520,607,41913
1630108800000,Baden-Württemberg,42625,607,42018
1630195200000,Baden-Württemberg,42702,607,42095
1630281600000,Baden-Württemberg,42820,607,42213
1630368000000,Baden-Württemberg,42925,608,42317
1630454400000,Baden-Württemberg,43059,608,42451
1630540800000,Baden-Württemberg,43150,609,42541
1630627200000,Baden-Württemberg,43249,609,42640
1630713600000,Baden-Württemberg,43344,609,42735
1630800000000,Baden-Württemberg,43439,610,42829
1630886400000,Baden-Württemberg,43540,610,42930
1630972800000,Baden-Württemberg,43643,610,43033
1631059200000,Baden-Württemberg,43760,610,43150
1631145600000,Baden-Württemberg,43839,610,43229
1631232000000,Baden-Württemberg,43939,612,43327
1631318400000,Baden-Württemberg,44034,612,43422
1631404800000,Baden-Württemberg,44092,612,43480
1631491200000,Baden-Württemberg,44190,612,43578
1631577600000,Baden-Württemberg,44278,613,43665
1631664000000,Baden-Württemberg,44344,613,43731
1631750400000,Baden-Württemberg,44411,613,43798
1631836800000,Baden-Württemberg,44485,615,43870
1631923200000,Baden-Württemberg,44564,615,43949
1632009600000,Baden-Württemberg,44625,615,44010
1632096000000,Baden-Württemberg,44689,616,44073
1632182400000,Baden-Württemberg,44775,618,44157
1632268800000,Baden-Württemberg,44857,618,44239
1632355200000,Baden-Württemberg,44935,620,44315
1632441600000,Baden-Württemberg,45019,620,44399
1632528000000,Baden-Württemberg,45095,620,44475
1632614400000,Baden-Württemberg,45171,620,44551
1632700800000,Baden-Württemberg,45262,621,44641
1632787200000,Baden-Württemberg,45353,621,44732
1632873600000,Baden-Württemberg,45428,621,44807
1632960000000,Baden-Württemberg,45506,621,44885
1633046400000,Baden-Württemberg,45588,623,44965
1633132800000,Baden-Württemberg,45680,623,45057
1633219200000,Baden-Württemberg,45764,623,45141
1633305600000,Baden-Württemberg,45840,624,45216
1633392000000,Baden-Württemberg,45918,624,45294
1633478400000,Baden-Württemberg,46000,625,45375
1633564800000,Baden-Württemberg,46073,625,45448
1633651200000,Baden-Württemberg,46163,626,45537
1633737600000,Baden-Württemberg,46272,626,45646
1633824000000,Baden-Württemberg,46357,626,45731
1633910400000,Baden-Württemberg,46456,626,45830
1633996800000,Baden-Württemberg,46562,626,45936
1634083200000,Baden-Württemberg,46677,627,46050
1634169600000,Baden-Württemberg,46784,627,46157
1634256000000,Baden-Württemberg,46905,629,46276
1634342400000,Baden-Württemberg,47011,630,46381
1634428800000,Baden-Württemberg,47126,630,46496
1634515200000,Baden-Württemberg,47261,631,46630
1634601600000,Baden-Württemberg,47394,631,46763
1634688000000,Baden-Württemberg,47573,633,46940
1634774400000,Baden-Württemberg,47715,634,47081
1634860800000,Baden-Württemberg,47905,634,47271
1634947200000,Baden-Württemberg,48075,634,47441
1635033600000,Baden-Württemberg,48234,635,47599
1635120000000,Baden-Württemberg,48438,635,47803
1635206400000,Baden-Württemberg,48618,637,47981
1635292800000,Baden-Württemberg,48817,637,48180
1635379200000,Baden-Württemberg,48990,637,48353
1635465600000,Baden-Württemberg,49180,637,48543
1635552000000,Baden-Württemberg,49359,639,48720
1635638400000,Baden-Württemberg,49491,639,48852
1635724800000,Baden-Württemberg,49617,639,48978
1635811200000,Baden-Württemberg,49741,640,49101
1635897600000,Baden-Württemberg,49840,642,49198
1635984000000,Baden-Württemberg,49953,643,49310
1636070400000,Baden-Württemberg,50121,644,49477
1636156800000,Baden-Württemberg,50234,645,49589
1636243200000,Baden-Württemberg,50338,647,49691
1636329600000,Baden-Württemberg,50730,647,50083
1636416000000,Baden-Württemberg,51287,650,50637
1636502400000,Baden-Württemberg,51731,651,51080
1636588800000,Baden-Württemberg,52169,653,51516
1636675200000,Baden-Württemberg,52584,653,51931
1636761600000,Baden-Württemberg,52899,653,52246
1636848000000,Baden-Württemberg,53080,654,52426
1636934400000,Baden-Württemberg,53458,656,52802
1637020800000,Baden-Württemberg,53980,660,53320
1637107200000,Baden-Württemberg,54586,666,53920
1637193600000,Baden-Württemberg,55174,668,54506
1637280000000,Baden-Württemberg,55733,669,55064
1637366400000,Baden-Württemberg,56145,671,55474
1637452800000,Baden-Württemberg,56374,672,55702
1637539200000,Baden-Württemberg,57020,678,56342
1637625600000,Baden-Württemberg,57625,679,56946
1637712000000,Baden-Württemberg,58099,681,57418
1637798400000,Baden-Württemberg,58732,683,58049
1637884800000,Baden-Württemberg,59295,687,58608
1637971200000,Baden-Württemberg,59604,688,58916
1638057600000,Baden-Württemberg,59974,691,59283
1638144000000,Baden-Württemberg,60638,700,59938
1638230400000,Baden-Württemberg,61159,703,60456
1638316800000,Baden-Württemberg,61671,708,60963
1638403200000,Baden-Württemberg,62163,712,61451
1638489600000,Baden-Württemberg,62737,718,62019
1638576000000,Baden-Württemberg,63137,719,62418
1638662400000,Baden-Württemberg,63596,719,62877
1638748800000,Baden-Württemberg,64133,722,63411
1638835200000,Baden-Württemberg,64601,723,63878
1638921600000,Baden-Württemberg,65126,725,64401
1639008000000,Baden-Württemberg,65893,730,65163
1639094400000,Baden-Württemberg,66345,730,65615
1639180800000,Baden-Württemberg,66749,731,66018
1639267200000,Baden-Württemberg,66936,731,66205
1639353600000,Baden-Württemberg,67115,734,66381
1639440000000,Baden-Württemberg,67637,735,66902
1639526400000,Baden-Württemberg,68026,737,67289
1639612800000,Baden-Württemberg,68375,737,67638
1639699200000,Baden-Württemberg,68666,739,67927
1639785600000,Baden-Württemberg,68995,739,68256
1639872000000,Baden-Württemberg,69149,739,68410
1639958400000,Baden-Württemberg,69334,741,68593
1640044800000,Baden-Württemberg,69611,741,68870
1640131200000,Baden-Württemberg,69934,741,69193
1640217600000,Baden-Württemberg,70201,743,69457
1640304000000,Baden-Württemberg,70419,745,69672
1640390400000,Baden-Württemberg,70523,746,69698
1640476800000,Baden-Württemberg,70634,748,69740
1640563200000,Baden-Württemberg,70822,748,69791
1640649600000,Baden-Württemberg,71178,749,69842
1640736000000,Baden-Württemberg,71463,751,69896
1640822400000,Baden-Württemberg,71704,751,69934
1640908800000,Baden-Württemberg,71919,753,69974
1640995200000,Baden-Württemberg,72091,753,70019
1641081600000,Baden-Württemberg,72193,754,70054
1641168000000,Baden-Württemberg,72341,755,70091
1641254400000,Baden-Württemberg,72709,756,70135
1641340800000,Baden-Württemberg,73005,756,70161
1641427200000,Baden-Württemberg,73365,756,70174
1641513600000,Baden-Württemberg,73745,758,70185
1641600000000,Baden-Württemberg,73914,758,70185
1641686400000,Baden-Württemberg,74133,758,70187
1641772800000,Baden-Württemberg,74466,758,70187
1641859200000,Baden-Württemberg,75072,758,70190
1641945600000,Baden-Württemberg,75865,758,70190
1642032000000,Baden-Württemberg,76569,758,70192
1642118400000,Baden-Württemberg,77222,758,70192
1642204800000,Baden-Württemberg,77636,758,70192
1642291200000,Baden-Württemberg,78103,758,70192
1642377600000,Baden-Württemberg,79021,758,70192
1642464000000,Baden-Württemberg,80157,758,70192
1642550400000,Baden-Württemberg,81160,758,70191
1642636800000,Baden-Württemberg,81874,758,70191
1578614400000,Bayern,1,0,1
1579219200000,Bayern,2,1,1
1579737600000,Bayern,4,1,3
1579824000000,Bayern,5,1,4
1579910400000,Bayern,6,1,5
1580083200000,Bayern,8,1,7
1580169600000,Bayern,9,1,8
1580256000000,Bayern,10,1,9
1580342400000,Bayern,12,1,11
1580428800000,Bayern,13,1,12
1580515200000,Bayern,14,1,13
1580601600000,Bayern,15,1,14
1580688000000,Bayern,17,1,16
1580860800000,Bayern,18,1,17
1581379200000,Bayern,19,1,18
1581552000000,Bayern,20,1,19
1581724800000,Bayern,22,1,21
1581897600000,Bayern,23,1,22
1581984000000,Bayern,25,1,24
1582070400000,Bayern,26,1,25
1582156800000,Bayern,28,1,27
1582243200000,Bayern,29,1,28
1582329600000,Bayern,31,1,30
1582416000000,Bayern,32,1,31
1582502400000,Bayern,40,1,39
1582588800000,Bayern,44,1,43
1582675200000,Bayern,52,1,51
1582761600000,Bayern,73,2,71
1582848000000,Bayern,93,2,91
1582934400000,Bayern,133,2,131
1583020800000,Bayern,159,2,157
1583107200000,Bayern,207,2,205
1583193600000,Bayern,250,3,247
1583280000000,Bayern,299,3,296
1583366400000,Bayern,362,4,358
1583452800000,Bayern,464,5,459
1583539200000,Bayern,591,7,584
1583625600000,Bayern,719,11,708
1583712000000,Bayern,961,16,945
1583798400000,Bayern,1257,23,1234
1583884800000,Bayern,1604,30,1574
1583971200000,Bayern,1964,38,1926
1584057600000,Bayern,2439,48,2391
1584144000000,Bayern,2907,59,2848
1584230400000,Bayern,3323,75,3248
1584316800000,Bayern,3780,92,3688
1584403200000,Bayern,4255,108,4147
1584489600000,Bayern,4748,123,4625
1584576000000,Bayern,5164,128,5036
1584662400000,Bayern,5532,138,5394
1584748800000,Bayern,5892,145,5747
1584835200000,Bayern,6099,147,5952
1584921600000,Bayern,6100,147,5953
1585008000000,Bayern,6102,147,5955
1585094400000,Bayern,6104,147,5957
1585180800000,Bayern,6106,147,5959
1585353600000,Bayern,6107,147,5960
1585526400000,Bayern,6108,147,5961
1586304000000,Bayern,6109,147,5962
1586390400000,Bayern,6110,147,5963
1586822400000,Bayern,6111,147,5964
1587254400000,Bayern,6112,147,5965
1587859200000,Bayern,6113,147,5966
1609545600000,Bayern,6114,147,5967
1613520000000,Bayern,6115,147,5968
1615939200000,Bayern,6116,147,5969
1616371200000,Bayern,6117,147,5970
1582070400000,Berlin,1,0,1
1582416000000,Berlin,2,0,2
1582502400000,Berlin,3,0,3
1582588800000,Berlin,5,0,5
1582675200000,Berlin,7,0,7
1582761600000,Berlin,9,0,9
1582848000000,Berlin,15,0,15
1582934400000,Berlin,21,0,21
1583020800000,Berlin,30,0,30
1583107200000,Berlin,44,0,44
1583193600000,Berlin,63,0,63
1583280000000,Berlin,89,0,89
1583366400000,Berlin,112,0,112
1583452800000,Berlin,151,0,151
1583539200000,Berlin,180,0,180
1583625600000,Berlin,218,0,218
1583712000000,Berlin,291,0,291
1583798400000,Berlin,389,0,389
1583884800000,Berlin,485,0,485
1583971200000,Berlin,592,0,592
1584057600000,Berlin,696,1,695
1584144000000,Berlin,797,2,795
1584230400000,Berlin,890,4,886
1584316800000,Berlin,982,6,976
1584403200000,Berlin,1042,7,1035
1584489600000,Berlin,1094,8,1086
1584576000000,Berlin,1117,8,1109
1584662400000,Berlin,1130,8,1122
1584748800000,Berlin,1133,8,1125
1584835200000,Berlin,1136,8,1128
1585008000000,Berlin,1137,8,1129
1581897600000,Brandenburg,1,0,1
1581984000000,Brandenburg,2,0,2
1582156800000,Brandenburg,3,0,3
1582502400000,Brandenburg,4,0,4
1582934400000,Brandenburg,6,0,6
1583020800000,Brandenburg,7,0,7
1583107200000,Brandenburg,11,0,11
1583280000000,Brandenburg,17,0,17
1583366400000,Brandenburg,19,0,19
1583452800000,Brandenburg,30,0,30
1583539200000,Brandenburg,37,0,37
1583625600000,Brandenburg,48,0,48
1583712000000,Brandenburg,69,0,69
1583798400000,Brandenburg,85,1,84
1583884800000,Brandenburg,120,1,119
1583971200000,Brandenburg,162,1,161
1584057600000,Brandenburg,205,1,204
1584144000000,Brandenburg,241,1,240
1584230400000,Brandenburg,275,2,273
1584316800000,Brandenburg,309,2,307
1584403200000,Brandenburg,337,2,335
1584489600000,Brandenburg,363,2,361
1584576000000,Brandenburg,383,2,381
1584662400000,Brandenburg,392,2,390
1584748800000,Brandenburg,396,2,394
1584835200000,Brandenburg,398,2,396
1585440000000,Brandenburg,399,2,397
1582675200000,Bremen,1,0,1
1582848000000,Bremen,2,0,2
1582934400000,Bremen,3,0,3
1583020800000,Bremen,5,0,5
1583107200000,Bremen,6,0,6
1583193600000,Bremen,7,0,7
1583280000000,Bremen,8,0,8
1583366400000,Bremen,10,0,10
1583452800000,Bremen,12,0,12
1583539200000,Bremen,21,0,21
1583625600000,Bremen,32,0,32
1583712000000,Bremen,38,0,38
1583798400000,Bremen,53,0,53
1583884800000,Bremen,71,0,71
1583971200000,Bremen,92,0,92
1584057600000,Bremen,109,0,109
1584144000000,Bremen,120,0,120
1584230400000,Bremen,139,1,138
1584316800000,Bremen,153,1,152
1584403200000,Bremen,161,1,160
1584489600000,Bremen,170,1,169
1584576000000,Bremen,176,1,175
1584662400000,Bremen,178,1,177
1584748800000,Bremen,179,1,178
1581897600000,Hamburg,1,0,1
1582156800000,Hamburg,2,0,2
1582502400000,Hamburg,3,0,3
1582675200000,Hamburg,4,0,4
1582761600000,Hamburg,7,0,7
1582848000000,Hamburg,8,0,8
1582934400000,Hamburg,10,0,10
1583020800000,Hamburg,15,0,15
1583107200000,Hamburg,18,0,18
1583193600000,Hamburg,27,0,27
1583280000000,Hamburg,40,0,40
1583366400000,Hamburg,55,0,55
1583452800000,Hamburg,85,2,83
1583539200000,Hamburg,118,2,116
1583625600000,Hamburg,153,2,151
1583712000000,Hamburg,210,3,207
1583798400000,Hamburg,280,3,277
1583884800000,Hamburg,354,3,351
1583971200000,Hamburg,455,5,450
1584057600000,Hamburg,564,5,559
1584144000000,Hamburg,698,6,692
1584230400000,Hamburg,838,6,832
1584316800000,Hamburg,972,7,965
1584403200000,Hamburg,1095,9,1086
1584489600000,Hamburg,1191,9,1182
1584576000000,Hamburg,1246,10,1236
1584662400000,Hamburg,1295,10,1285
1584748800000,Hamburg,1338,12,1326
1584835200000,Hamburg,1363,12,1351
1584921600000,Hamburg,1401,12,1389
1585267200000,Hamburg,1402,12,1390
1586563200000,Hamburg,1403,12,1391
1588291200000,Hamburg,1404,12,1392
1580428800000,Hessen,1,0,1
1581724800000,Hessen,3,0,3
1582070400000,Hessen,4,0,4
1582156800000,Hessen,5,0,5
1582416000000,Hessen,8,0,8
1582502400000,Hessen,9,0,9
1582588800000,Hessen,15,0,15
1582675200000,Hessen,19,0,19
1582761600000,Hessen,21,0,21
1582848000000,Hessen,23,0,23
1582934400000,Hessen,26,0,26
1583020800000,Hessen,32,0,32
1583107200000,Hessen,37,0,37
1583193600000,Hessen,47,0,47
1583280000000,Hessen,55,0,55
1583366400000,Hessen,65,0,65
1583452800000,Hessen,89,0,89
1583539200000,Hessen,130,0,130
1583625600000,Hessen,209,0,209
1583712000000,Hessen,313,1,312
1583798400000,Hessen,439,1,438
1583884800000,Hessen,567,4,563
1583971200000,Hessen,726,4,722
1584057600000,Hessen,886,5,881
1584144000000,Hessen,1027,5,1022
1584230400000,Hessen,1159,5,1154
1584316800000,Hessen,1310,5,1305
1584403200000,Hessen,1440,5,1435
1584489600000,Hessen,1536,7,1529
1584576000000,Hessen,1604,8,1596
1584662400000,Hessen,1659,12,1647
1584748800000,Hessen,1678,12,1666
1584835200000,Hessen,1685,13,1672
1584921600000,Hessen,1713,13,1700
1585008000000,Hessen,1714,13,1701
1585353600000,Hessen,1715,13,1702
1582848000000,Mecklenburg-Vorpommern,1,0,1
1583020800000,Mecklenburg-Vorpommern,3,0,3
1583107200000,Mecklenburg-Vorpommern,5,0,5
1583193600000,Mecklenburg-Vorpommern,6,0,6
1583280000000,Mecklenburg-Vorpommern,11,0,11
1583366400000,Mecklenburg-Vorpommern,16,0,16
1583452800000,Mecklenburg-Vorpommern,21,0,21
1583539200000,Mecklenburg-Vorpommern,24,0,24
1583625600000,Mecklenburg-Vorpommern,32,0,32
1583712000000,Mecklenburg-Vorpommern,41,0,41
1583798400000,Mecklenburg-Vorpommern,48,0,48
1583884800000,Mecklenburg-Vorpommern,65,0,65
1583971200000,Mecklenburg-Vorpommern,75,0,75
1584057600000,Mecklenburg-Vorpommern,98,0,98
1584144000000,Mecklenburg-Vorpommern,106,0,106
1584230400000,Mecklenburg-Vorpommern,122,0,122
1584316800000,Mecklenburg-Vorpommern,137,0,137
1584403200000,Mecklenburg-Vorpommern,159,0,159
1584489600000,Mecklenburg-Vorpommern,178,0,178
1584576000000,Mecklenburg-Vorpommern,186,0,186
1584662400000,Mecklenburg-Vorpommern,189,0,189
1584748800000,Mecklenburg-Vorpommern,190,0,190
1585180800000,Mecklenburg-Vorpommern,191,0,191
1580601600000,Niedersachsen,1,0,1
1582329600000,Niedersachsen,2,0,2
1582675200000,Niedersachsen,4,0,4
1582848000000,Niedersachsen,8,0,8
1582934400000,Niedersachsen,12,0,12
1583020800000,Niedersachsen,18,0,18
1583107200000,Niedersachsen,29,0,29
1583193600000,Niedersachsen,38,0,38
1583280000000,Niedersachsen,62,1,61
1583366400000,Niedersachsen,83,1,82
1583452800000,Niedersachsen,115,1,114
1583539200000,Niedersachsen,160,1,159
1583625600000,Niedersachsen,224,2,222
1583712000000,Niedersachsen,311,3,308
1583798400000,Niedersachsen,398,6,392
1583884800000,Niedersachsen,562,7,555
1583971200000,Niedersachsen,722,8,714
1584057600000,Niedersachsen,946,11,935
1584144000000,Niedersachsen,1141,12,1129
1584230400000,Niedersachsen,1292,12,1280
1584316800000,Niedersachsen,1470,13,1457
1584403200000,Niedersachsen,1636,17,1619
1584489600000,Niedersachsen,1784,17,1767
1584576000000,Niedersachsen,1895,20,1875
1584662400000,Niedersachsen,1969,22,1947
1584748800000,Niedersachsen,2011,22,1989
1584835200000,Niedersachsen,2035,22,2013
1584921600000,Niedersachsen,2095,22,2073
1585612800000,Niedersachsen,2096,22,2074
1577923200000,Nordrhein-Westfalen,1,0,1
1579046400000,Nordrhein-Westfalen,2,0,2
1579478400000,Nordrhein-Westfalen,4,0,4
1580601600000,Nordrhein-Westfalen,5,0,5
1581033600000,Nordrhein-Westfalen,6,0,6
1581206400000,Nordrhein-Westfalen,8,0,8
1581292800000,Nordrhein-Westfalen,9,0,9
1581724800000,Nordrhein-Westfalen,11,0,11
1581811200000,Nordrhein-Westfalen,15,0,15
1581897600000,Nordrhein-Westfalen,17,0,17
1581984000000,Nordrhein-Westfalen,19,0,19
1582070400000,Nordrhein-Westfalen,21,0,21
1582156800000,Nordrhein-Westfalen,34,1,33
1582243200000,Nordrhein-Westfalen,40,1,39
1582329600000,Nordrhein-Westfalen,53,1,52
1582416000000,Nordrhein-Westfalen,76,1,75
1582502400000,Nordrhein-Westfalen,109,1,108
1582588800000,Nordrhein-Westfalen,158,1,157
1582675200000,Nordrhein-Westfalen,241,4,237
1582761600000,Nordrhein-Westfalen,322,4,318
1582848000000,Nordrhein-Westfalen,411,4,407
1582934400000,Nordrhein-Westfalen,471,4,467
1583020800000,Nordrhein-Westfalen,554,6,548
1583107200000,Nordrhein-Westfalen,627,8,619
1583193600000,Nordrhein-Westfalen,711,13,698
1583280000000,Nordrhein-Westfalen,834,16,818
1583366400000,Nordrhein-Westfalen,957,19,938
1583452800000,Nordrhein-Westfalen,1113,24,1089
1583539200000,Nordrhein-Westfalen,1323,32,1291
1583625600000,Nordrhein-Westfalen,1596,35,1561
1583712000000,Nordrhein-Westfalen,1963,40,1923
1583798400000,Nordrhein-Westfalen,2434,45,2389
1583884800000,Nordrhein-Westfalen,3051,57,2994
1583971200000,Nordrhein-Westfalen,3653,63,3590
1584057600000,Nordrhein-Westfalen,4326,72,4254
1584144000000,Nordrhein-Westfalen,4990,79,4911
1584230400000,Nordrhein-Westfalen,5612,87,5525
1584316800000,Nordrhein-Westfalen,6364,102,6262
1584403200000,Nordrhein-Westfalen,6931,116,6815
1584489600000,Nordrhein-Westfalen,7406,130,7276
1584576000000,Nordrhein-Westfalen,7790,135,7655
1584662400000,Nordrhein-Westfalen,8070,148,7922
1584748800000,Nordrhein-Westfalen,8225,151,8074
1584835200000,Nordrhein-Westfalen,8297,154,8143
1584921600000,Nordrhein-Westfalen,8453,154,8299
1585008000000,Nordrhein-Westfalen,8458,154,8304
1585094400000,Nordrhein-Westfalen,8460,154,8306
1585180800000,Nordrhein-Westfalen,8462,154,8308
1585267200000,Nordrhein-Westfalen,8463,154,8309
1585353600000,Nordrhein-Westfalen,8464,154,8310
1585526400000,Nordrhein-Westfalen,8465,154,8311
1585612800000,Nordrhein-Westfalen,8466,154,8312
1586563200000,Nordrhein-Westfalen,8467,154,8313
1586649600000,Nordrhein-Westfalen,8468,154,8314
1586822400000,Nordrhein-Westfalen,8469,154,8315
1589500800000,Nordrhein-Westfalen,8470,154,8316
1615593600000,Nordrhein-Westfalen,8471,154,8317
1615939200000,Nordrhein-Westfalen,8472,154,8318
1620086400000,Nordrhein-Westfalen,8473,154,8319
1582416000000,Rheinland-Pfalz,1,0,1
1582588800000,Rheinland-Pfalz,2,0,2
1582675200000,Rheinland-Pfalz,5,0,5
1582761600000,Rheinland-Pfalz,6,0,6
1582934400000,Rheinland-Pfalz,8,0,8
1583020800000,Rheinland-Pfalz,13,0,13
1583107200000,Rheinland-Pfalz,19,0,19
1583193600000,Rheinland-Pfalz,24,0,24
1583280000000,Rheinland-Pfalz,29,0,29
1583366400000,Rheinland-Pfalz,34,0,34
1583452800000,Rheinland-Pfalz,43,1,42
1583539200000,Rheinland-Pfalz,65,1,64
1583625600000,Rheinland-Pfalz,103,1,102
1583712000000,Rheinland-Pfalz,150,1,149
1583798400000,Rheinland-Pfalz,210,2,208
1583884800000,Rheinland-Pfalz,294,3,291
1583971200000,Rheinland-Pfalz,401,3,398
1584057600000,Rheinland-Pfalz,520,3,517
1584144000000,Rheinland-Pfalz,640,4,636
1584230400000,Rheinland-Pfalz,782,5,777
1584316800000,Rheinland-Pfalz,928,5,923
1584403200000,Rheinland-Pfalz,1101,8,1093
1584489600000,Rheinland-Pfalz,1218,10,1208
1584576000000,Rheinland-Pfalz,1298,13,1285
1584662400000,Rheinland-Pfalz,1375,14,1361
1584748800000,Rheinland-Pfalz,1420,14,1406
1584835200000,Rheinland-Pfalz,1492,15,1477
1584921600000,Rheinland-Pfalz,1554,15,1539
1579737600000,Saarland,1,0,1
1580428800000,Saarland,2,0,2
1582588800000,Saarland,3,0,3
1582675200000,Saarland,4,0,4
1582761600000,Saarland,5,0,5
1582848000000,Saarland,6,0,6
1583020800000,Saarland,7,0,7
1583107200000,Saarland,8,0,8
1583193600000,Saarland,10,0,10
1583280000000,Saarland,12,0,12
1583366400000,Saarland,19,0,19
1583452800000,Saarland,21,0,21
1583539200000,Saarland,24,0,24
1583625600000,Saarland,40,0,40
1583712000000,Saarland,50,0,50
1583798400000,Saarland,66,0,66
1583884800000,Saarland,86,0,86
1583971200000,Saarland,120,1,119
1584057600000,Saarland,142,2,140
1584144000000,Saarland,163,2,161
1584230400000,Saarland,182,2,180
1584316800000,Saarland,202,4,198
1584403200000,Saarland,226,4,222
1584489600000,Saarland,252,4,248
1584576000000,Saarland,280,5,275
1584662400000,Saarland,299,5,294
1584748800000,Saarland,310,5,305
1584835200000,Saarland,335,5,330
1581552000000,Sachsen,1,0,1
1582502400000,Sachsen,2,0,2
1582588800000,Sachsen,3,0,3
1582675200000,Sachsen,4,0,4
1582848000000,Sachsen,6,0,6
1582934400000,Sachsen,7,0,7
1583107200000,Sachsen,11,0,11
1583193600000,Sachsen,17,0,17
1583280000000,Sachsen,22,0,22
1583366400000,Sachsen,29,0,29
1583452800000,Sachsen,39,0,39
1583539200000,Sachsen,49,1,48
1583625600000,Sachsen,77,1,76
1583712000000,Sachsen,110,1,109
1583798400000,Sachsen,149,1,148
1583884800000,Sachsen,210,2,208
1583971200000,Sachsen,273,2,271
1584057600000,Sachsen,347,4,343
1584144000000,Sachsen,430,4,426
1584230400000,Sachsen,514,4,510
1584316800000,Sachsen,593,4,589
1584403200000,Sachsen,676,5,671
1584489600000,Sachsen,757,5,752
1584576000000,Sachsen,820,6,814
1584662400000,Sachsen,862,6,856
1584748800000,Sachsen,899,6,893
1584835200000,Sachsen,917,7,910
1585008000000,Sachsen,919,7,912
1586995200000,Sachsen,921,7,914
1603497600000,Sachsen,922,7,915
1607558400000,Sachsen,923,7,916
1615161600000,Sachsen,924,7,917
1582934400000,Sachsen-Anhalt,1,0,1
1583193600000,Sachsen-Anhalt,2,0,2
1583280000000,Sachsen-Anhalt,3,0,3
1583366400000,Sachsen-Anhalt,5,0,5
1583452800000,Sachsen-Anhalt,8,0,8
1583539200000,Sachsen-Anhalt,18,1,17
1583625600000,Sachsen-Anhalt,24,1,23
1583712000000,Sachsen-Anhalt,41,1,40
1583798400000,Sachsen-Anhalt,60,1,59
1583884800000,Sachsen-Anhalt,70,2,68
1583971200000,Sachsen-Anhalt,83,2,81
1584057600000,Sachsen-Anhalt,108,2,106
1584144000000,Sachsen-Anhalt,130,2,128
1584230400000,Sachsen-Anhalt,152,2,150
1584316800000,Sachsen-Anhalt,192,3,189
1584403200000,Sachsen-Anhalt,216,3,213
1584489600000,Sachsen-Anhalt,234,3,231
1584576000000,Sachsen-Anhalt,250,3,247
1584662400000,Sachsen-Anhalt,262,5,257
1584748800000,Sachsen-Anhalt,264,5,259
1584835200000,Sachsen-Anhalt,269,5,264
1585008000000,Sachsen-Anhalt,270,5,265
1585440000000,Sachsen-Anhalt,271,5,266
1582243200000,Schleswig-Holstein,1,0,1
1582588800000,Schleswig-Holstein,2,0,2
1582675200000,Schleswig-Holstein,3,0,3
1582761600000,Schleswig-Holstein,4,0,4
1582848000000,Schleswig-Holstein,5,1,4
1582934400000,Schleswig-Holstein,7,1,6
1583020800000,Schleswig-Holstein,9,1,8
1583107200000,Schleswig-Holstein,13,1,12
1583193600000,Schleswig-Holstein,16,1,15
1583280000000,Schleswig-Holstein,20,1,19
1583366400000,Schleswig-Holstein,26,1,25
1583452800000,Schleswig-Holstein,37,1,36
1583539200000,Schleswig-Holstein,52,1,51
1583625600000,Schleswig-Holstein,69,1,68
1583712000000,Schleswig-Holstein,86,1,85
1583798400000,Schleswig-Holstein,112,1,111
1583884800000,Schleswig-Holstein,152,1,151
1583971200000,Schleswig-Holstein,195,3,192
1584057600000,Schleswig-Holstein,255,3,252
1584144000000,Schleswig-Holstein,304,3,301
1584230400000,Schleswig-Holstein,358,5,353
1584316800000,Schleswig-Holstein,410,7,403
1584403200000,Schleswig-Holstein,452,8,444
1584489600000,Schleswig-Holstein,481,8,473
1584576000000,Schleswig-Holstein,506,8,498
1584662400000,Schleswig-Holstein,529,10,519
1584748800000,Schleswig-Holstein,541,13,528
1584835200000,Schleswig-Holstein,549,13,536
1584921600000,Schleswig-Holstein,562,13,549
1585180800000,Schleswig-Holstein,563,14,549
1585526400000,Schleswig-Holstein,564,14,550
1581638400000,Thüringen,2,0,2
1582156800000,Thüringen,3,0,3
1583020800000,Thüringen,4,0,4
1583107200000,Thüringen,6,0,6
1583193600000,Thüringen,9,0,9
1583280000000,Thüringen,17,0,17
1583366400000,Thüringen,19,0,19
1583452800000,Thüringen,25,0,25
1583539200000,Thüringen,34,0,34
1583625600000,Thüringen,42,0,42
1583712000000,Thüringen,48,0,48
1583798400000,Thüringen,67,1,66
1583884800000,Thüringen,89,1,88
1583971200000,Thüringen,117,1,116
1584057600000,Thüringen,149,2,147
1584144000000,Thüringen,173,2,171
1584230400000,Thüringen,198,2,196
1584316800000,Thüringen,246,2,244
1584403200000,Thüringen,279,3,276
1584489600000,Thüringen,303,3,300
1584576000000,Thüringen,317,3,314
1584662400000,Thüringen,327,3,324
1584748800000,Thüringen,329,3,326
1584835200000,Thüringen,333,3,330
